Country name,Year,Death rates from storms
Afghanistan,2005,1.065085
Afghanistan,2006,0.27905574
Afghanistan,2007,
Afghanistan,2008,
Afghanistan,2009,
Afghanistan,2010,
Afghanistan,2011,0.071796946
Afghanistan,2012,
Afghanistan,2013,
Afghanistan,2014,0.19256507
Afghanistan,2015,
Afghanistan,2016,
Afghanistan,2017,0.18797298
Afghanistan,2018,
Afghanistan,2019,
Afghanistan,2020,0.03335708
Afghanistan,2021,
Afghanistan,2022,
Afghanistan,2023,
Afghanistan,2024,
Africa,2005,0.011639205
Africa,2006,0.0008405652
Africa,2007,0.0114699835
Africa,2008,0.012874488
Africa,2009,0.0047656074
Africa,2010,0.01734213
Africa,2011,0.012653831
Africa,2012,0.014404066
Africa,2013,0.018944362
Africa,2014,0.0057250313
Africa,2015,0.016484777
Africa,2016,0.0078726625
Africa,2017,0.03166225
Africa,2018,0.011735047
Africa,2019,0.09836549
Africa,2020,0.0024252625
Africa,2021,0.004735675
Africa,2022,0.026914569
Africa,2023,0.9476323
Africa,2024,0.004949852
Albania,2005,0.065949224
Albania,2007,
Albania,2009,
Albania,2010,
Albania,2012,
Albania,2015,
Albania,2016,
Albania,2017,
Albania,2018,
Albania,2019,
Albania,2021,
Albania,2022,
Algeria,2005,0.030342853
Algeria,2006,
Algeria,2007,
Algeria,2008,
Algeria,2009,
Algeria,2011,
Algeria,2012,
Algeria,2014,
Algeria,2015,
Algeria,2017,
Algeria,2018,
Algeria,2019,
Algeria,2020,
Algeria,2021,
Algeria,2022,
Algeria,2023,
Algeria,2024,
American Samoa,2005,0.0
American Samoa,2009,
Angola,2005,
Angola,2006,
Angola,2007,
Angola,2008,
Angola,2009,
Angola,2010,
Angola,2011,
Angola,2012,
Angola,2013,
Angola,2015,
Angola,2016,
Angola,2017,
Angola,2018,
Angola,2019,
Angola,2020,
Angola,2021,
Angola,2022,
Angola,2023,
Anguilla,2017,26.595745
Antigua and Barbuda,2008,0.0
Antigua and Barbuda,2010,0.0
Antigua and Barbuda,2017,1.0972973
Argentina,2005,0.028154232
Argentina,2006,
Argentina,2007,
Argentina,2008,
Argentina,2009,0.02457948
Argentina,2010,
Argentina,2011,
Argentina,2012,0.04528946
Argentina,2013,0.009436573
Argentina,2014,
Argentina,2015,0.01849409
Argentina,2016,
Argentina,2017,
Argentina,2018,0.004503126
Argentina,2019,
Argentina,2020,0.0
Argentina,2021,
Argentina,2022,
Argentina,2023,0.032769773
Argentina,2024,0.0021711818
Armenia,2013,0.0
Armenia,2014,
Armenia,2016,
Armenia,2018,0.0
Armenia,2019,0.0
Armenia,2020,0.0
Armenia,2023,0.0
Asia,2005,0.032920122
Asia,2006,0.104288444
Asia,2007,0.12085895
Asia,2008,3.3906157
Asia,2009,0.06772405
Asia,2010,0.020141982
Asia,2011,0.049947534
Asia,2012,0.059854086
Asia,2013,0.1828975
Asia,2014,0.025994355
Asia,2015,0.015432063
Asia,2016,0.017255332
Asia,2017,0.03410969
Asia,2018,0.028852843
Asia,2019,0.014024128
Asia,2020,0.018978845
Asia,2021,0.026953133
Asia,2022,0.015588651
Asia,2023,0.008901853
Asia,2024,0.00039717447
Australia,2005,0.0049574324
Australia,2006,0.0
Australia,2007,0.0096011525
Australia,2008,0.004706353
Australia,2009,0.004616614
Australia,2010,0.004541498
Australia,2011,0.0044728657
Australia,2012,
Australia,2013,0.025960779
Australia,2014,0.0
Australia,2015,0.033584885
Australia,2016,0.020664824
Australia,2017,0.04879966
Australia,2018,
Australia,2019,
Australia,2020,0.0
Australia,2021,0.003857862
Australia,2022,
Australia,2023,0.03782275
Austria,2005,
Austria,2006,
Austria,2007,0.0
Austria,2008,0.04807037
Austria,2009,0.0
Austria,2012,
Austria,2013,
Austria,2016,
Austria,2017,0.056834348
Austria,2019,0.123874724
Austria,2021,
Austria,2022,0.0
Austria,2023,
Azerbaijan,2009,
Azerbaijan,2010,
Azerbaijan,2012,
Bahamas,2005,0.28750917
Bahamas,2007,0.27958107
Bahamas,2008,0.0
Bahamas,2011,0.0
Bahamas,2012,0.26173007
Bahamas,2013,
Bahamas,2015,8.403212
Bahamas,2016,0.0
Bahamas,2017,0.0
Bahamas,2019,87.996185
Bangladesh,2005,0.12560979
Bangladesh,2006,0.10797256
Bangladesh,2007,2.9659503
Bangladesh,2008,0.01856674
Bangladesh,2009,0.13428143
Bangladesh,2010,0.017521262
Bangladesh,2011,0.008654492
Bangladesh,2012,0.087447844
Bangladesh,2013,0.032461178
Bangladesh,2014,0.012823693
Bangladesh,2015,0.07413039
Bangladesh,2016,0.05444831
Bangladesh,2017,0.01174333
Bangladesh,2018,0.020160804
Bangladesh,2019,0.056792017
Bangladesh,2020,0.015529717
Bangladesh,2021,0.001771414
Bangladesh,2022,0.020445554
Bangladesh,2023,0.009250998
Barbados,2007,
Barbados,2010,0.0
Barbados,2017,0.35816747
Barbados,2021,0.0
Barbados,2023,0.0
Belarus,2006,
Belarus,2007,0.0
Belarus,2012,
Belarus,2013,
Belarus,2014,
Belarus,2017,
Belarus,2018,
Belarus,2023,
Belgium,2005,
Belgium,2006,
Belgium,2007,0.018772824
Belgium,2008,0.0
Belgium,2009,
Belgium,2010,0.00919291
Belgium,2011,0.04563817
Belgium,2012,
Belgium,2013,0.0
Belgium,2014,0.0
Belgium,2015,
Belgium,2016,0.008836391
Belgium,2018,0.008734694
Belgium,2019,
Belgium,2020,0.0
Belgium,2021,0.0
Belgium,2022,0.01715866
Belgium,2023,0.01711428
Belize,2005,1.0699536
Belize,2007,0.0
Belize,2008,2.289924
Belize,2010,0.0
Belize,2015,
Belize,2016,0.0
Belize,2020,0.0
Belize,2022,0.0
Benin,2007,
Benin,2008,
Benin,2009,0.0
Benin,2010,
Benin,2011,
Benin,2012,
Benin,2013,
Benin,2020,
Benin,2021,
Benin,2022,
Bhutan,2009,1.7199813
Bhutan,2011,
Bhutan,2021,
Bolivia,2005,
Bolivia,2006,
Bolivia,2007,
Bolivia,2008,0.0
Bolivia,2009,
Bolivia,2010,
Bolivia,2011,
Bolivia,2012,
Bolivia,2013,
Bolivia,2014,
Bolivia,2015,
Bolivia,2016,
Bolivia,2018,
Bolivia,2019,
Bolivia,2020,
Bolivia,2021,
Bolivia,2022,
Bolivia,2023,
Bolivia,2024,
Bosnia and Herzegovina,2005,0.09769687
Bosnia and Herzegovina,2007,
Bosnia and Herzegovina,2009,
Bosnia and Herzegovina,2010,
Bosnia and Herzegovina,2012,
Bosnia and Herzegovina,2014,
Bosnia and Herzegovina,2015,
Bosnia and Herzegovina,2019,
Bosnia and Herzegovina,2020,
Bosnia and Herzegovina,2021,
Bosnia and Herzegovina,2022,
Bosnia and Herzegovina,2023,0.031144353
Botswana,2009,0.0
Botswana,2011,
Botswana,2013,
Botswana,2015,
Botswana,2017,
Botswana,2018,
Botswana,2019,
Brazil,2005,0.001070679
Brazil,2006,
Brazil,2007,
Brazil,2008,0.0015570477
Brazil,2009,0.0020563698
Brazil,2010,
Brazil,2011,
Brazil,2012,
Brazil,2013,0.0009914646
Brazil,2014,
Brazil,2015,0.0009747149
Brazil,2016,
Brazil,2017,
Brazil,2018,
Brazil,2019,
Brazil,2020,0.0056286156
Brazil,2021,
Brazil,2022,
Brazil,2023,0.021716787
Brazil,2024,0.0018379203
British Virgin Islands,2017,29.916235
Bulgaria,2005,0.0
Bulgaria,2006,
Bulgaria,2007,
Bulgaria,2008,
Bulgaria,2010,
Bulgaria,2012,
Bulgaria,2014,0.013564578
Bulgaria,2015,
Bulgaria,2018,
Bulgaria,2021,
Bulgaria,2022,
Bulgaria,2023,0.059811153
Burkina Faso,2006,
Burkina Faso,2007,
Burkina Faso,2008,
Burkina Faso,2009,
Burkina Faso,2010,
Burkina Faso,2011,
Burkina Faso,2012,
Burkina Faso,2013,
Burkina Faso,2014,
Burkina Faso,2015,
Burkina Faso,2016,
Burkina Faso,2017,
Burkina Faso,2020,
Burkina Faso,2022,
Burundi,2005,
Burundi,2006,0.0
Burundi,2007,
Burundi,2008,
Burundi,2009,
Burundi,2010,0.09861272
Burundi,2011,0.12690708
Burundi,2014,
Burundi,2015,
Burundi,2016,
Burundi,2017,
Burundi,2018,
Burundi,2019,
Burundi,2020,0.016366305
Burundi,2021,
Burundi,2023,
Burundi,2024,0.0
Cambodia,2005,
Cambodia,2006,
Cambodia,2007,
Cambodia,2009,0.13422115
Cambodia,2010,
Cambodia,2011,
Cambodia,2012,
Cambodia,2013,
Cambodia,2014,
Cambodia,2015,0.0
Cambodia,2016,
Cambodia,2018,
Cambodia,2019,
Cambodia,2020,0.26834399
Cambodia,2021,0.0060280794
Cambodia,2022,0.095420696
Cambodia,2023,0.0
Cameroon,2005,
Cameroon,2007,
Cameroon,2008,
Cameroon,2010,
Cameroon,2012,
Cameroon,2013,
Cameroon,2014,
Cameroon,2015,
Cameroon,2017,
Cameroon,2019,
Cameroon,2020,
Cameroon,2022,
Cameroon,2023,
Canada,2005,0.0
Canada,2006,
Canada,2007,0.018257916
Canada,2008,
Canada,2009,0.005953458
Canada,2010,0.0
Canada,2011,0.0058269054
Canada,2012,0.0
Canada,2013,0.0
Canada,2014,
Canada,2015,
Canada,2016,
Canada,2017,
Canada,2018,0.0
Canada,2019,0.0026650617
Canada,2020,0.0
Canada,2021,0.0026208877
Canada,2022,0.04420829
Canada,2023,
Cape Verde,2009,
Cape Verde,2014,
Cape Verde,2015,1.6299357
Cape Verde,2017,
Cape Verde,2020,
Cape Verde,2022,
Cayman Islands,2008,0.0
Central African Republic,2005,
Central African Republic,2007,
Central African Republic,2008,
Central African Republic,2009,0.06572398
Central African Republic,2010,
Central African Republic,2011,0.021132547
Central African Republic,2012,0.0
Central African Republic,2013,0.0
Central African Republic,2015,0.020749725
Central African Republic,2017,0.0
Central African Republic,2019,
Central African Republic,2021,
Central African Republic,2022,
Central African Republic,2023,0.0
Chad,2006,
Chad,2007,0.13056366
Chad,2008,
Chad,2009,
Chad,2010,
Chad,2012,
Chad,2013,
Chad,2017,
Chad,2019,
Chad,2020,
Chad,2021,
Chad,2022,
Chile,2005,0.2782017
Chile,2006,
Chile,2007,
Chile,2008,
Chile,2010,
Chile,2011,
Chile,2012,
Chile,2013,
Chile,2014,
Chile,2015,0.033575594
Chile,2016,
Chile,2017,
Chile,2019,
Chile,2021,0.0
Chile,2022,
Chile,2023,
Chile,2024,
China,2005,0.032646492
China,2006,0.114234656
China,2007,0.0071887285
China,2008,0.004961782
China,2009,0.012620175
China,2010,0.010310109
China,2011,0.0032422186
China,2012,0.00548823
China,2013,0.019257316
China,2014,0.02375126
China,2015,0.008538328
China,2016,0.02425298
China,2017,0.0064526377
China,2018,0.007762499
China,2019,0.005696747
China,2020,0.0018246513
China,2021,0.0038572305
China,2022,0.0016831624
China,2023,0.0043488285
China,2024,
Colombia,2005,0.0
Colombia,2006,
Colombia,2007,
Colombia,2008,
Colombia,2009,
Colombia,2010,
Colombia,2011,
Colombia,2012,
Colombia,2013,
Colombia,2014,0.023565734
Colombia,2015,
Colombia,2016,
Colombia,2017,0.0
Colombia,2018,
Colombia,2019,
Colombia,2020,0.04515944
Colombia,2021,
Colombia,2022,0.0
Colombia,2023,
Colombia,2024,
Comoros,2005,
Comoros,2006,
Comoros,2009,
Comoros,2012,
Comoros,2014,0.0
Comoros,2019,1.011387
Congo,2005,
Congo,2006,
Congo,2007,
Congo,2012,
Congo,2019,
Congo,2020,
Congo,2021,
Congo,2022,
Congo,2023,
Congo,2024,
Cook Islands,2005,0.0
Cook Islands,2010,0.0
Costa Rica,2005,0.023170171
Costa Rica,2007,
Costa Rica,2008,0.08885096
Costa Rica,2009,
Costa Rica,2010,
Costa Rica,2011,
Costa Rica,2012,
Costa Rica,2015,
Costa Rica,2016,0.18199448
Costa Rica,2017,0.26032025
Costa Rica,2018,
Costa Rica,2019,
Costa Rica,2020,0.0
Costa Rica,2021,
Costa Rica,2022,0.0
Cote d'Ivoire,2007,
Cote d'Ivoire,2008,
Cote d'Ivoire,2009,
Cote d'Ivoire,2010,
Cote d'Ivoire,2014,
Cote d'Ivoire,2015,
Cote d'Ivoire,2016,
Cote d'Ivoire,2017,
Cote d'Ivoire,2018,
Cote d'Ivoire,2019,
Cote d'Ivoire,2020,
Cote d'Ivoire,2022,
Croatia,2005,0.04514992
Croatia,2006,
Croatia,2007,
Croatia,2010,
Croatia,2012,
Croatia,2014,
Croatia,2015,
Croatia,2017,0.0
Croatia,2018,
Croatia,2019,
Croatia,2020,
Croatia,2022,
Croatia,2023,0.024946272
Cuba,2005,0.17783922
Cuba,2006,0.0
Cuba,2007,0.008873201
Cuba,2008,0.06207541
Cuba,2012,0.106107436
Cuba,2013,
Cuba,2015,
Cuba,2016,0.0
Cuba,2017,0.08821139
Cuba,2018,0.07944745
Cuba,2019,0.053018995
Cuba,2020,0.0
Cuba,2021,0.0
Cuba,2022,0.053513147
Cuba,2023,0.0
Cyprus,2007,
Cyprus,2021,
Cyprus,2022,
Cyprus,2024,
Czechia,2005,0.0
Czechia,2006,
Czechia,2007,0.038692836
Czechia,2008,0.019270448
Czechia,2009,0.019191068
Czechia,2010,
Czechia,2012,
Czechia,2013,
Czechia,2017,0.0
Czechia,2018,
Czechia,2020,0.009495819
Czechia,2021,0.057084426
Czechia,2022,0.009529264
Czechia,2023,
Democratic Republic of Congo,2005,0.014146712
Democratic Republic of Congo,2006,0.005138602
Democratic Republic of Congo,2007,
Democratic Republic of Congo,2008,0.01606433
Democratic Republic of Congo,2009,
Democratic Republic of Congo,2010,
Democratic Republic of Congo,2011,
Democratic Republic of Congo,2012,
Democratic Republic of Congo,2014,
Democratic Republic of Congo,2015,
Democratic Republic of Congo,2016,
Democratic Republic of Congo,2017,
Democratic Republic of Congo,2018,
Democratic Republic of Congo,2019,
Democratic Republic of Congo,2020,
Democratic Republic of Congo,2021,
Democratic Republic of Congo,2022,
Democratic Republic of Congo,2023,
Democratic Republic of Congo,2024,0.0018934889
Denmark,2005,0.07357927
Denmark,2007,0.0
Denmark,2010,0.0
Denmark,2013,0.03555307
Denmark,2022,0.017000271
Djibouti,2005,
Djibouti,2006,
Djibouti,2007,
Djibouti,2008,
Djibouti,2009,
Djibouti,2010,
Djibouti,2011,
Djibouti,2018,0.18917824
Djibouti,2019,
Djibouti,2020,
Djibouti,2022,
Dominica,2007,2.9074416
Dominica,2011,0.0
Dominica,2015,42.84062
Dominica,2017,90.88069
Dominican Republic,2005,0.09820214
Dominican Republic,2007,1.7336352
Dominican Republic,2008,0.13651226
Dominican Republic,2009,
Dominican Republic,2010,0.0
Dominican Republic,2011,0.07068035
Dominican Republic,2012,0.07975368
Dominican Republic,2013,
Dominican Republic,2014,
Dominican Republic,2015,0.0
Dominican Republic,2016,0.05699311
Dominican Republic,2017,0.046960495
Dominican Republic,2018,0.0
Dominican Republic,2020,0.0545471
Dominican Republic,2021,0.017989052
Dominican Republic,2022,0.01781131
Dominican Republic,2023,0.026471436
East Timor,2006,0.0
East Timor,2007,
East Timor,2008,
East Timor,2015,
East Timor,2016,
East Timor,2020,
East Timor,2021,3.1038408
Ecuador,2006,
Ecuador,2008,
Ecuador,2009,
Ecuador,2010,
Ecuador,2011,
Ecuador,2012,
Ecuador,2013,
Ecuador,2014,
Ecuador,2015,
Ecuador,2016,
Ecuador,2019,
Ecuador,2020,
Ecuador,2021,
Ecuador,2022,
Ecuador,2023,
Ecuador,2024,
Egypt,2008,
Egypt,2010,0.035529103
Egypt,2015,0.03172206
Egypt,2016,0.026056273
Egypt,2020,
Egypt,2021,
El Salvador,2005,1.1427971
El Salvador,2006,
El Salvador,2007,0.0
El Salvador,2008,
El Salvador,2009,4.514724
El Salvador,2010,0.2780486
El Salvador,2011,
El Salvador,2013,
El Salvador,2015,0.19258323
El Salvador,2016,
El Salvador,2017,0.15957461
El Salvador,2018,
El Salvador,2019,
El Salvador,2020,0.52441436
El Salvador,2021,
El Salvador,2022,0.17360035
El Salvador,2023,0.04713316
Eritrea,2008,
Estonia,2005,0.0
Estonia,2006,
Estonia,2012,
Estonia,2018,
Estonia,2022,
Eswatini,2005,0.0
Eswatini,2006,0.092786156
Eswatini,2007,
Eswatini,2008,
Eswatini,2014,
Eswatini,2016,
Eswatini,2017,
Eswatini,2019,
Eswatini,2021,0.0
Eswatini,2022,0.0
Ethiopia,2005,
Ethiopia,2006,
Ethiopia,2007,
Ethiopia,2008,
Ethiopia,2009,
Ethiopia,2010,
Ethiopia,2011,
Ethiopia,2012,
Ethiopia,2013,
Ethiopia,2015,
Ethiopia,2016,
Ethiopia,2017,
Ethiopia,2018,
Ethiopia,2019,
Ethiopia,2020,
Ethiopia,2021,
Ethiopia,2022,
Ethiopia,2023,
Europe,2005,0.007945147
Europe,2006,0.0035571842
Europe,2007,0.01023934
Europe,2008,0.002859608
Europe,2009,0.005570532
Europe,2010,0.009085872
Europe,2011,0.001353662
Europe,2012,0.00013512305
Europe,2013,0.0048571005
Europe,2014,0.004581017
Europe,2015,0.0014798932
Europe,2016,0.00013431498
Europe,2017,0.0075101247
Europe,2018,0.0044201696
Europe,2019,0.006422107
Europe,2020,0.007224441
Europe,2021,0.0024115182
Europe,2022,0.0057733078
Europe,2023,0.008473066
Europe,2024,0.0024228715
European Union (27),2005,0.009476991
European Union (27),2006,0.0057597673
European Union (27),2007,0.014228248
European Union (27),2008,0.004799964
European Union (27),2009,0.008886921
European Union (27),2010,0.015231017
European Union (27),2011,0.0011343197
European Union (27),2012,0.00022650987
European Union (27),2013,0.0056574075
European Union (27),2014,0.0061047566
European Union (27),2015,0.0018070771
European Union (27),2016,0.00022564204
European Union (27),2017,0.009014147
European Union (27),2018,0.007426691
European Union (27),2019,0.00988704
European Union (27),2020,0.01167777
European Union (27),2021,0.0035950919
European Union (27),2022,0.0069302255
European Union (27),2023,0.00623716
European Union (27),2024,0.0026815422
Fiji,2006,0.0
Fiji,2007,0.11227692
Fiji,2008,0.78061575
Fiji,2009,0.22187954
Fiji,2010,0.22095151
Fiji,2012,0.21952282
Fiji,2015,
Fiji,2016,5.1177573
Fiji,2018,0.76169586
Fiji,2019,0.10887648
Fiji,2020,0.869159
Fiji,2021,0.64891875
Fiji,2022,0.107553594
Fiji,2023,0.0
Finland,2005,
Finland,2022,
France,2005,
France,2006,0.0082076
France,2007,0.008152699
France,2008,0.00810097
France,2009,0.017715277
France,2010,0.08487528
France,2011,0.0
France,2012,
France,2013,0.0031578026
France,2014,0.012580892
France,2015,0.0047014747
France,2016,
France,2017,0.00311798
France,2018,0.00933448
France,2019,0.012422406
France,2020,0.02791561
France,2021,0.0
France,2022,0.0092841
France,2023,0.003088489
France,2024,0.012330109
French Guiana,2020,
French Polynesia,2010,0.352367
French Polynesia,2017,
Gabon,2009,0.0
Gabon,2010,0.0
Gabon,2011,0.0
Gabon,2012,
Gabon,2023,0.0
Gambia,2007,
Gambia,2008,0.0
Gambia,2009,0.0
Gambia,2010,
Gambia,2012,
Gambia,2013,
Gambia,2015,
Gambia,2017,
Gambia,2019,0.15943356
Gambia,2021,0.37879908
Gambia,2022,
Georgia,2005,
Georgia,2006,
Georgia,2009,
Georgia,2011,
Georgia,2012,0.0
Georgia,2013,0.0
Georgia,2014,
Georgia,2015,
Georgia,2018,
Georgia,2019,
Georgia,2020,
Georgia,2021,
Georgia,2022,
Georgia,2023,
Germany,2005,0.002462685
Germany,2006,0.0135505
Germany,2007,0.022171902
Germany,2008,0.009850095
Germany,2009,0.0012306083
Germany,2010,0.0049185315
Germany,2011,
Germany,2012,
Germany,2013,0.008569967
Germany,2014,0.009772923
Germany,2016,
Germany,2017,0.0060514836
Germany,2018,0.0060316036
Germany,2019,0.0012026727
Germany,2020,0.0
Germany,2021,0.0011989177
Germany,2022,0.008396322
Germany,2023,0.0048022303
Ghana,2007,
Ghana,2008,
Ghana,2009,
Ghana,2010,
Ghana,2011,
Ghana,2013,
Ghana,2015,
Ghana,2016,
Ghana,2017,0.06617638
Ghana,2018,
Ghana,2019,
Ghana,2020,
Ghana,2021,
Ghana,2022,
Ghana,2023,
Greece,2006,0.02701219
Greece,2007,
Greece,2008,
Greece,2009,
Greece,2010,
Greece,2012,
Greece,2014,
Greece,2015,
Greece,2016,
Greece,2017,
Greece,2018,
Greece,2019,0.06619995
Greece,2020,
Greece,2021,
Greece,2022,
Greece,2023,0.0
Greece,2024,
Grenada,2010,
Guadeloupe,2007,0.0
Guadeloupe,2017,1.0074881
Guadeloupe,2022,0.2526771
Guam,2023,1.1563166
Guatemala,2005,11.520757
Guatemala,2006,
Guatemala,2007,0.0
Guatemala,2008,0.121607065
Guatemala,2009,
Guatemala,2010,1.1964415
Guatemala,2011,0.03370758
Guatemala,2012,
Guatemala,2013,
Guatemala,2014,0.03181928
Guatemala,2015,
Guatemala,2016,0.0
Guatemala,2017,0.048254635
Guatemala,2018,
Guatemala,2019,0.023383146
Guatemala,2020,0.94455266
Guatemala,2021,
Guatemala,2022,0.022416607
Guatemala,2023,
Guinea,2006,
Guinea,2007,
Guinea,2008,
Guinea,2009,
Guinea,2010,
Guinea,2011,
Guinea,2013,
Guinea,2015,
Guinea,2017,
Guinea,2020,
Guinea,2021,
Guinea,2022,
Guinea,2023,
Guinea-Bissau,2006,
Guinea-Bissau,2008,
Guinea-Bissau,2010,
Guinea-Bissau,2018,0.15584788
Guyana,2005,
Guyana,2006,
Guyana,2008,
Guyana,2010,
Guyana,2015,
Guyana,2017,
Guyana,2021,
Guyana,2022,
Haiti,2005,0.77920073
Haiti,2006,0.053959012
Haiti,2007,1.0827069
Haiti,2008,7.289626
Haiti,2009,
Haiti,2010,0.27430987
Haiti,2011,0.030137675
Haiti,2012,0.87055093
Haiti,2013,
Haiti,2014,
Haiti,2015,0.047331624
Haiti,2016,5.0962095
Haiti,2017,0.03682039
Haiti,2018,
Haiti,2019,
Haiti,2020,0.34492505
Haiti,2021,0.0
Haiti,2022,
Haiti,2023,
High-income countries,2005,0.19220436
High-income countries,2006,0.014307102
High-income countries,2007,0.040517863
High-income countries,2008,0.030235747
High-income countries,2009,0.06661716
High-income countries,2010,0.02130159
High-income countries,2011,0.07571357
High-income countries,2012,0.031975016
High-income countries,2013,0.021076078
High-income countries,2014,0.027295876
High-income countries,2015,0.024876673
High-income countries,2016,0.022232663
High-income countries,2017,0.03782612
High-income countries,2018,0.020594772
High-income countries,2019,0.054986376
High-income countries,2020,0.028322961
High-income countries,2021,0.0473112
High-income countries,2022,0.035045534
High-income countries,2023,0.018313594
High-income countries,2024,0.008938715
Honduras,2005,0.7006305
Honduras,2006,
Honduras,2007,0.012619154
Honduras,2008,0.0
Honduras,2009,
Honduras,2010,0.2603262
Honduras,2011,
Honduras,2012,
Honduras,2014,
Honduras,2015,
Honduras,2016,0.010569933
Honduras,2017,0.031162858
Honduras,2018,
Honduras,2019,
Honduras,2020,1.2744817
Honduras,2021,
Honduras,2022,0.047925506
Honduras,2023,0.047197428
Hong Kong,2005,
Hong Kong,2008,0.028366087
Hong Kong,2009,0.0
Hong Kong,2010,0.014020453
Hong Kong,2017,0.0
Hong Kong,2018,0.0
Hong Kong,2021,0.026685951
Hong Kong,2023,0.0
Hungary,2005,0.039708015
Hungary,2006,0.049716305
Hungary,2007,
Hungary,2008,
Hungary,2010,
Hungary,2012,
Hungary,2013,0.0
Hungary,2014,
Hungary,2016,
Hungary,2017,0.0
Hungary,2018,
Hungary,2019,0.0
Hungary,2022,
Iceland,2010,
Iceland,2023,
India,2005,0.0071017887
India,2006,0.016206436
India,2007,0.0
India,2008,0.009198375
India,2009,0.017815694
India,2010,0.023133714
India,2011,0.008428611
India,2012,0.0031385173
India,2013,0.00820985
India,2014,0.009103104
India,2015,0.016025804
India,2016,0.00956197
India,2017,0.06941389
India,2018,0.045653652
India,2019,0.012435724
India,2020,0.008665219
India,2021,0.017690139
India,2022,0.0014112602
India,2023,0.0055297823
India,2024,0.0002774464
Indonesia,2005,
Indonesia,2006,
Indonesia,2007,
Indonesia,2008,
Indonesia,2009,
Indonesia,2010,
Indonesia,2011,
Indonesia,2012,0.008392524
Indonesia,2013,
Indonesia,2014,
Indonesia,2015,
Indonesia,2016,
Indonesia,2017,0.0041588084
Indonesia,2018,
Indonesia,2019,
Indonesia,2020,
Indonesia,2021,0.08255612
Indonesia,2022,
Indonesia,2023,0.00036031607
Indonesia,2024,
Iran,2005,0.0
Iran,2006,
Iran,2007,0.016593052
Iran,2008,0.038189594
Iran,2009,
Iran,2010,
Iran,2012,
Iran,2013,
Iran,2014,
Iran,2015,
Iran,2016,0.0048015616
Iran,2017,
Iran,2018,
Iran,2019,
Iran,2020,
Iran,2021,0.013648239
Iran,2022,
Iran,2023,0.006728512
Iran,2024,
Iraq,2006,
Iraq,2008,
Iraq,2009,
Iraq,2011,
Iraq,2012,
Iraq,2013,
Iraq,2015,
Iraq,2017,
Iraq,2018,
Iraq,2019,
Iraq,2020,
Iraq,2021,
Iraq,2022,0.0022473868
Iraq,2023,0.0065927454
Iraq,2024,
Ireland,2005,0.0
Ireland,2009,
Ireland,2011,
Ireland,2014,0.021634882
Ireland,2015,0.021432716
Ireland,2017,
Ireland,2018,0.041369274
Ireland,2021,0.0
Ireland,2022,0.019907992
Isle of Man,2021,0.0
Israel,2010,
Israel,2013,0.05176871
Israel,2015,0.0
Israel,2016,
Israel,2018,
Israel,2020,
Italy,2005,
Italy,2006,0.0017114524
Italy,2007,
Italy,2008,
Italy,2009,0.0050366973
Italy,2010,0.0050148396
Italy,2011,
Italy,2012,
Italy,2013,
Italy,2014,0.008288741
Italy,2015,0.004980666
Italy,2016,
Italy,2017,0.021665214
Italy,2018,0.02004094
Italy,2019,0.0033485168
Italy,2020,0.018487217
Italy,2021,
Italy,2022,0.0033876789
Italy,2023,0.01698636
Italy,2024,0.001703643
Jamaica,2005,0.22414254
Jamaica,2006,
Jamaica,2007,0.1851014
Jamaica,2008,0.47946098
Jamaica,2010,0.54866594
Jamaica,2012,0.03623426
Jamaica,2014,
Jamaica,2016,0.0
Jamaica,2017,0.0
Japan,2005,0.09155046
Japan,2006,0.029710207
Japan,2007,0.01015574
Japan,2008,
Japan,2009,0.01248858
Japan,2010,
Japan,2011,0.06718369
Japan,2012,0.111846596
Japan,2013,0.044643234
Japan,2014,0.10119494
Japan,2015,0.008644337
Japan,2016,0.019685991
Japan,2017,0.009473998
Japan,2018,0.019009016
Japan,2019,0.08108644
Japan,2020,0.0015968732
Japan,2021,0.018457213
Japan,2022,0.02178268
Japan,2023,0.006488529
Japan,2024,0.0
Jordan,2018,
Jordan,2023,
Kazakhstan,2005,
Kazakhstan,2008,
Kazakhstan,2010,
Kazakhstan,2011,
Kazakhstan,2012,
Kazakhstan,2013,
Kazakhstan,2014,
Kazakhstan,2015,
Kazakhstan,2017,
Kazakhstan,2018,
Kazakhstan,2020,
Kazakhstan,2021,
Kazakhstan,2023,
Kazakhstan,2024,
Kenya,2005,
Kenya,2006,
Kenya,2007,
Kenya,2008,
Kenya,2009,
Kenya,2010,
Kenya,2011,
Kenya,2012,
Kenya,2013,
Kenya,2014,
Kenya,2015,
Kenya,2016,
Kenya,2017,
Kenya,2018,
Kenya,2019,
Kenya,2020,
Kenya,2021,
Kenya,2022,
Kenya,2023,
Kenya,2024,
Kiribati,2008,
Kiribati,2014,
Kiribati,2015,0.0
Kuwait,2018,
Kyrgyzstan,2005,
Kyrgyzstan,2006,0.076237164
Kyrgyzstan,2007,
Kyrgyzstan,2008,
Kyrgyzstan,2009,
Kyrgyzstan,2010,
Kyrgyzstan,2011,
Kyrgyzstan,2012,
Kyrgyzstan,2014,0.0
Kyrgyzstan,2015,
Kyrgyzstan,2017,
Kyrgyzstan,2021,
Kyrgyzstan,2022,
Laos,2008,
Laos,2009,0.25682458
Laos,2011,
Laos,2013,
Laos,2014,
Laos,2015,
Laos,2016,
Laos,2017,0.0
Laos,2018,0.0
Laos,2019,
Laos,2020,0.027324656
Laos,2021,0.0
Laos,2022,
Laos,2023,
Latvia,2005,0.0
Latvia,2006,
Latvia,2012,
Latvia,2018,
Latvia,2022,
Latvia,2023,
Lebanon,2007,
Lebanon,2015,0.07813793
Lebanon,2018,0.25206518
Lebanon,2019,0.05188595
Lebanon,2020,
Lebanon,2023,
Lebanon,2024,
Lesotho,2007,
Lesotho,2008,0.0
Lesotho,2011,
Lesotho,2012,
Lesotho,2014,0.0
Lesotho,2016,
Lesotho,2017,
Lesotho,2019,
Lesotho,2020,
Lesotho,2021,0.0
Lesotho,2022,
Lesotho,2023,0.085824974
Liberia,2007,0.0
Liberia,2008,
Liberia,2009,
Liberia,2010,
Liberia,2016,
Libya,2013,
Libya,2019,
Libya,2023,179.3161
Lithuania,2005,0.0
Lithuania,2006,
Lithuania,2010,
Lithuania,2012,
Lithuania,2018,
Lithuania,2022,
Low-income countries,2005,0.079152726
Low-income countries,2006,0.016787054
Low-income countries,2007,0.0225678
Low-income countries,2008,0.025181722
Low-income countries,2009,0.0059214747
Low-income countries,2010,0.028589623
Low-income countries,2011,0.02499841
Low-income countries,2012,0.037037615
Low-income countries,2013,0.037706368
Low-income countries,2014,0.013816073
Low-income countries,2015,0.023576997
Low-income countries,2016,0.001968457
Low-income countries,2017,0.02523205
Low-income countries,2018,0.044294495
Low-income countries,2019,0.10141573
Low-income countries,2020,0.0052921027
Low-income countries,2021,0.005151821
Low-income countries,2022,0.05267651
Low-income countries,2023,0.20130911
Low-income countries,2024,0.0034336427
Lower-middle-income countries,2005,0.022256017
Lower-middle-income countries,2006,0.09482825
Lower-middle-income countries,2007,0.1850274
Lower-middle-income countries,2008,4.9685297
Lower-middle-income countries,2009,0.07007605
Lower-middle-income countries,2010,0.024466923
Lower-middle-income countries,2011,0.06596658
Lower-middle-income countries,2012,0.07825158
Lower-middle-income countries,2013,0.2506609
Lower-middle-income countries,2014,0.021393145
Lower-middle-income countries,2015,0.01987304
Lower-middle-income countries,2016,0.03190302
Lower-middle-income countries,2017,0.051594887
Lower-middle-income countries,2018,0.031811345
Lower-middle-income countries,2019,0.032110147
Lower-middle-income countries,2020,0.030803861
Lower-middle-income countries,2021,0.026326302
Lower-middle-income countries,2022,0.019872176
Lower-middle-income countries,2023,0.009006392
Lower-middle-income countries,2024,0.00042467995
Luxembourg,2010,0.0
Luxembourg,2019,0.0
Luxembourg,2021,
Luxembourg,2022,
Macao,2017,1.565896
Madagascar,2005,0.4150664
Madagascar,2006,0.020671511
Madagascar,2007,0.42158177
Madagascar,2008,0.5118557
Madagascar,2009,0.12785852
Madagascar,2010,0.5522052
Madagascar,2011,0.15661246
Madagascar,2012,0.4876723
Madagascar,2013,0.21621092
Madagascar,2014,0.070201576
Madagascar,2015,0.38227972
Madagascar,2016,
Madagascar,2017,0.30952016
Madagascar,2018,0.3501382
Madagascar,2019,0.0290559
Madagascar,2020,0.014171742
Madagascar,2021,0.006916669
Madagascar,2022,0.64163786
Madagascar,2023,0.23082705
Madagascar,2024,0.070838384
Malawi,2005,0.08623631
Malawi,2006,
Malawi,2007,
Malawi,2008,
Malawi,2009,
Malawi,2010,
Malawi,2011,
Malawi,2012,0.0
Malawi,2013,
Malawi,2015,0.02951778
Malawi,2016,
Malawi,2017,
Malawi,2018,
Malawi,2019,
Malawi,2020,
Malawi,2021,0.06536032
Malawi,2022,0.34794852
Malawi,2023,5.7759147
Malawi,2024,
Malaysia,2005,
Malaysia,2006,
Malaysia,2007,
Malaysia,2008,
Malaysia,2009,
Malaysia,2011,
Malaysia,2013,
Malaysia,2014,
Malaysia,2015,
Malaysia,2016,
Malaysia,2017,0.0
Malaysia,2018,
Malaysia,2019,
Malaysia,2020,
Malaysia,2021,
Malaysia,2022,
Malaysia,2023,
Maldives,2007,
Maldives,2019,
Maldives,2021,0.0
Mali,2005,
Mali,2006,
Mali,2007,
Mali,2008,
Mali,2009,
Mali,2010,
Mali,2011,
Mali,2012,
Mali,2013,
Mali,2015,
Mali,2016,
Mali,2018,
Mali,2019,
Mali,2020,
Mali,2022,
Malta,2022,
Marshall Islands,2008,
Marshall Islands,2013,
Marshall Islands,2014,
Marshall Islands,2015,
Marshall Islands,2016,
Marshall Islands,2019,0.0
Marshall Islands,2022,
Marshall Islands,2024,0.0
Martinique,2007,0.25263497
Martinique,2011,0.25665703
Martinique,2017,0.0
Mauritania,2005,
Mauritania,2006,
Mauritania,2007,
Mauritania,2009,
Mauritania,2010,
Mauritania,2011,
Mauritania,2012,
Mauritania,2013,
Mauritania,2017,0.43269044
Mauritania,2018,
Mauritania,2019,
Mauritania,2020,
Mauritania,2021,
Mauritania,2022,
Mauritania,2023,
Mauritius,2007,0.15740706
Mauritius,2013,
Mauritius,2018,0.0
Mauritius,2022,0.07695398
Mauritius,2023,0.076889776
Mauritius,2024,0.15361196
Mexico,2005,0.0445741
Mexico,2006,0.014033539
Mexico,2007,0.018466713
Mexico,2008,0.0018234118
Mexico,2009,0.0036019997
Mexico,2010,0.03821122
Mexico,2011,0.037669573
Mexico,2012,0.016413849
Mexico,2013,0.17904235
Mexico,2014,0.015999207
Mexico,2015,0.034956336
Mexico,2016,0.05348948
Mexico,2017,0.023608088
Mexico,2018,0.016127229
Mexico,2019,0.0031978176
Mexico,2020,0.033333786
Mexico,2021,0.029990891
Mexico,2022,0.02980296
Mexico,2023,0.08096185
Micronesia (country),2008,
Micronesia (country),2015,4.567169
Micronesia (country),2016,
Micronesia (country),2019,0.0
Micronesia (country),2023,
Micronesia (country),2024,
Moldova,2005,
Moldova,2006,
Moldova,2007,
Moldova,2008,
Moldova,2010,
Moldova,2012,
Moldova,2019,
Moldova,2023,0.11641664
Mongolia,2008,1.9742618
Mongolia,2009,
Mongolia,2010,
Mongolia,2015,
Mongolia,2016,
Mongolia,2017,
Mongolia,2018,0.0
Mongolia,2019,0.0
Mongolia,2020,0.0
Mongolia,2021,0.35844627
Mongolia,2022,
Mongolia,2023,0.087028235
Mongolia,2024,0.14311709
Montenegro,2007,
Montenegro,2009,
Montenegro,2010,
Montenegro,2012,
Montenegro,2017,
Montenegro,2022,
Montserrat,2006,
Morocco,2005,0.0032860257
Morocco,2006,
Morocco,2008,
Morocco,2009,
Morocco,2010,
Morocco,2012,
Morocco,2014,0.1430715
Morocco,2016,
Morocco,2017,
Morocco,2018,
Morocco,2019,
Morocco,2021,
Morocco,2023,
Mozambique,2005,
Mozambique,2006,
Mozambique,2007,0.046991333
Mozambique,2008,0.04119828
Mozambique,2009,0.0
Mozambique,2010,
Mozambique,2011,0.050504148
Mozambique,2012,0.134762
Mozambique,2013,
Mozambique,2014,
Mozambique,2015,
Mozambique,2016,0.043326773
Mozambique,2017,0.024501698
Mozambique,2018,
Mozambique,2019,2.1396306
Mozambique,2020,
Mozambique,2021,0.034292404
Mozambique,2022,0.348807
Mozambique,2023,0.53986514
Mozambique,2024,0.0057374975
Myanmar,2005,
Myanmar,2006,0.070703305
Myanmar,2007,
Myanmar,2008,283.9472
Myanmar,2009,
Myanmar,2010,0.09110974
Myanmar,2011,
Myanmar,2012,
Myanmar,2013,
Myanmar,2014,
Myanmar,2015,0.005827058
Myanmar,2016,0.06166612
Myanmar,2017,0.0
Myanmar,2018,
Myanmar,2019,
Myanmar,2020,
Myanmar,2021,
Myanmar,2023,0.28582945
Namibia,2006,
Namibia,2007,
Namibia,2008,
Namibia,2009,
Namibia,2010,
Namibia,2011,
Namibia,2012,
Namibia,2013,
Namibia,2014,
Namibia,2015,
Namibia,2016,
Namibia,2017,
Namibia,2018,
Namibia,2019,
Namibia,2020,
Namibia,2021,
Namibia,2023,
Nepal,2005,
Nepal,2006,
Nepal,2007,
Nepal,2008,
Nepal,2009,
Nepal,2010,
Nepal,2011,
Nepal,2012,
Nepal,2013,
Nepal,2014,0.30223462
Nepal,2015,
Nepal,2016,
Nepal,2017,
Nepal,2018,
Nepal,2019,0.09711263
Nepal,2020,
Nepal,2021,
Nepal,2022,0.0687452
Nepal,2023,
Netherlands,2005,0.0
Netherlands,2006,
Netherlands,2007,0.04270576
Netherlands,2008,0.0
Netherlands,2010,0.0
Netherlands,2012,
Netherlands,2013,0.011857226
Netherlands,2016,0.0
Netherlands,2018,0.017355043
Netherlands,2019,
Netherlands,2020,
Netherlands,2021,0.0
Netherlands,2022,0.02277383
Netherlands,2023,0.005675918
New Caledonia,2021,0.0
New Zealand,2005,0.0
New Zealand,2006,
New Zealand,2007,0.0
New Zealand,2010,
New Zealand,2011,
New Zealand,2012,0.06802282
New Zealand,2013,0.0
New Zealand,2015,
New Zealand,2016,
New Zealand,2017,0.0
New Zealand,2018,
New Zealand,2019,
New Zealand,2020,
New Zealand,2021,0.019494204
New Zealand,2022,0.0
New Zealand,2023,0.21040145
Nicaragua,2005,0.12833017
Nicaragua,2007,3.1565094
Nicaragua,2008,0.2285613
Nicaragua,2009,0.0
Nicaragua,2010,0.085386366
Nicaragua,2011,
Nicaragua,2012,
Nicaragua,2013,
Nicaragua,2014,
Nicaragua,2015,
Nicaragua,2016,0.0
Nicaragua,2017,0.2314624
Nicaragua,2018,
Nicaragua,2019,
Nicaragua,2020,0.29603752
Nicaragua,2022,0.07195906
Niger,2005,
Niger,2006,
Niger,2007,
Niger,2008,
Niger,2009,
Niger,2010,
Niger,2011,
Niger,2012,
Niger,2013,
Niger,2014,
Niger,2015,
Niger,2016,
Niger,2017,
Niger,2018,
Niger,2019,
Niger,2020,
Niger,2021,
Niger,2022,
Niger,2023,
Nigeria,2005,
Nigeria,2006,
Nigeria,2007,
Nigeria,2009,
Nigeria,2010,
Nigeria,2011,0.006647982
Nigeria,2012,0.008819589
Nigeria,2013,
Nigeria,2014,
Nigeria,2015,
Nigeria,2016,0.014840969
Nigeria,2017,
Nigeria,2018,
Nigeria,2019,
Nigeria,2020,
Nigeria,2021,
Nigeria,2022,0.0032030572
Nigeria,2023,
Nigeria,2024,0.00043639113
North America,2005,0.71503127
North America,2006,0.02170627
North America,2007,0.13794017
North America,2008,0.19473448
North America,2009,0.066038184
North America,2010,0.07936612
North America,2011,0.15090649
North America,2012,0.05753597
North America,2013,0.062493734
North America,2014,0.028294211
North America,2015,0.059573244
North America,2016,0.14444235
North America,2017,0.090149276
North America,2018,0.035161726
North America,2019,0.08636792
North America,2020,0.11644672
North America,2021,0.08976369
North America,2022,0.06979568
North America,2023,0.042536784
North America,2024,0.015127585
North Korea,2005,
North Korea,2006,
North Korea,2007,0.0
North Korea,2010,0.08101615
North Korea,2011,0.040348954
North Korea,2012,0.23706423
North Korea,2013,
North Korea,2015,
North Korea,2016,
North Korea,2017,
North Korea,2018,0.3354376
North Korea,2019,0.019413373
North Korea,2020,
North Korea,2021,
North Macedonia,2005,0.048107754
North Macedonia,2006,
North Macedonia,2007,
North Macedonia,2012,
North Macedonia,2013,
North Macedonia,2014,
North Macedonia,2015,
North Macedonia,2016,
North Macedonia,2017,
North Macedonia,2021,
Northern Mariana Islands,2015,0.0
Northern Mariana Islands,2018,3.973931
Norway,2005,0.0
Norway,2008,0.0
Norway,2011,0.08074992
Norway,2019,
Norway,2020,
Norway,2022,0.0
Oceania,2005,0.029574106
Oceania,2006,0.0
Oceania,2007,0.49936974
Oceania,2008,0.022380684
Oceania,2009,0.008230765
Oceania,2010,0.010780768
Oceania,2011,0.0026503778
Oceania,2012,0.044289555
Oceania,2013,0.015361855
Oceania,2014,0.032721408
Oceania,2015,0.0816758
Oceania,2016,0.12651686
Oceania,2017,0.02869628
Oceania,2018,0.021156544
Oceania,2019,0.0023106176
Oceania,2020,0.1342931
Oceania,2021,0.017980734
Oceania,2022,0.002220305
Oceania,2023,0.050465055
Oceania,2024,0.0
Oman,2007,2.916676
Oman,2010,0.5551864
Oman,2011,0.436561
Oman,2015,0.0
Oman,2016,
Oman,2017,
Oman,2018,0.1304019
Oman,2019,
Oman,2020,
Oman,2021,0.44243148
Oman,2024,
Pakistan,2005,0.033262204
Pakistan,2006,
Pakistan,2007,0.13302219
Pakistan,2008,
Pakistan,2009,
Pakistan,2010,0.01182796
Pakistan,2011,
Pakistan,2012,
Pakistan,2013,
Pakistan,2014,0.007683013
Pakistan,2015,
Pakistan,2016,0.015923206
Pakistan,2017,0.012015917
Pakistan,2018,
Pakistan,2019,0.017465819
Pakistan,2020,0.047095746
Pakistan,2021,0.009939408
Pakistan,2022,0.009328957
Pakistan,2023,0.0004158252
Pakistan,2024,0.0040781405
Palau,2012,0.0
Palau,2013,0.0
Palau,2015,
Palau,2016,
Palau,2021,0.0
Palestine,2008,
Palestine,2010,
Palestine,2012,
Palestine,2013,0.023354664
Palestine,2015,0.089193836
Palestine,2020,
Palestine,2022,
Panama,2005,
Panama,2006,
Panama,2007,
Panama,2008,
Panama,2009,
Panama,2010,
Panama,2011,
Panama,2012,
Panama,2013,
Panama,2014,
Panama,2015,
Panama,2016,0.17385525
Panama,2017,0.17089547
Panama,2018,
Panama,2019,
Panama,2020,1.9327537
Panama,2021,
Panama,2022,
Papua New Guinea,2005,
Papua New Guinea,2006,
Papua New Guinea,2007,2.485165
Papua New Guinea,2008,
Papua New Guinea,2009,
Papua New Guinea,2011,0.0
Papua New Guinea,2012,
Papua New Guinea,2013,
Papua New Guinea,2014,0.0
Papua New Guinea,2015,0.0
Papua New Guinea,2016,
Papua New Guinea,2018,
Papua New Guinea,2019,
Papua New Guinea,2020,
Papua New Guinea,2022,
Papua New Guinea,2023,
Papua New Guinea,2024,
Paraguay,2005,
Paraguay,2007,
Paraguay,2008,0.0
Paraguay,2009,0.0
Paraguay,2010,
Paraguay,2011,0.0
Paraguay,2012,0.08441202
Paraguay,2013,0.0
Paraguay,2014,
Paraguay,2015,0.03237318
Paraguay,2016,
Paraguay,2018,
Paraguay,2019,
Paraguay,2021,
Paraguay,2023,
Peru,2005,
Peru,2006,
Peru,2007,
Peru,2008,
Peru,2009,
Peru,2010,
Peru,2011,0.054278277
Peru,2012,
Peru,2013,
Peru,2014,
Peru,2015,
Peru,2016,
Peru,2017,
Peru,2018,
Peru,2019,
Peru,2020,
Peru,2021,
Peru,2022,
Peru,2023,0.023287822
Peru,2024,0.0
Philippines,2005,0.03941515
Philippines,2006,2.053427
Philippines,2007,0.08709111
Philippines,2008,0.89751136
Philippines,2009,1.3362461
Philippines,2010,0.22401457
Philippines,2011,1.8497391
Philippines,2012,2.0799263
Philippines,2013,7.4373035
Philippines,2014,0.32173634
Philippines,2015,0.14364558
Philippines,2016,0.03241946
Philippines,2017,0.18737382
Philippines,2018,0.27816454
Philippines,2019,0.08334783
Philippines,2020,0.16935407
Philippines,2021,0.49789104
Philippines,2022,0.45085192
Philippines,2023,0.03238525
Philippines,2024,
Poland,2005,0.0
Poland,2006,
Poland,2007,0.049322635
Poland,2008,0.005191719
Poland,2009,0.020749424
Poland,2010,
Poland,2011,
Poland,2012,0.0025889382
Poland,2013,0.010360721
Poland,2014,
Poland,2015,0.0025938218
Poland,2016,
Poland,2017,0.0155711435
Poland,2018,
Poland,2019,0.010391338
Poland,2020,0.007806733
Poland,2021,0.010441759
Poland,2022,0.017562723
Portugal,2005,
Portugal,2006,
Portugal,2008,
Portugal,2009,
Portugal,2010,0.02833289
Portugal,2013,0.009556085
Portugal,2014,0.009607644
Portugal,2015,
Portugal,2016,
Portugal,2017,
Portugal,2018,0.019436661
Portugal,2019,0.019436495
Portugal,2022,
Portugal,2023,
Puerto Rico,2007,0.026486937
Puerto Rico,2011,0.027088415
Puerto Rico,2012,0.0
Puerto Rico,2014,
Puerto Rico,2017,1.9605472
Puerto Rico,2018,0.0
Puerto Rico,2020,0.030566365
Puerto Rico,2022,0.7686603
Qatar,2018,
Reunion,2007,0.23239385
Reunion,2014,0.10931387
Reunion,2018,0.0
Reunion,2022,0.0
Reunion,2023,0.0
Reunion,2024,0.40430424
Romania,2005,0.0142232245
Romania,2006,
Romania,2007,
Romania,2008,0.0
Romania,2009,
Romania,2010,
Romania,2012,
Romania,2013,
Romania,2014,
Romania,2015,
Romania,2016,
Romania,2017,0.04568794
Romania,2018,
Romania,2019,
Romania,2020,
Romania,2021,
Romania,2022,
Romania,2023,0.010053884
Russia,2005,0.0
Russia,2006,
Russia,2007,0.0
Russia,2008,
Russia,2010,
Russia,2011,0.00069752254
Russia,2012,
Russia,2013,
Russia,2014,
Russia,2015,
Russia,2016,
Russia,2017,0.011000152
Russia,2018,
Russia,2019,
Russia,2021,
Russia,2022,0.0041461284
Russia,2023,0.010384621
Rwanda,2005,
Rwanda,2006,
Rwanda,2007,
Rwanda,2008,
Rwanda,2010,
Rwanda,2011,
Rwanda,2012,
Rwanda,2015,
Rwanda,2016,
Rwanda,2017,0.024529157
Rwanda,2018,
Rwanda,2019,
Rwanda,2020,
Rwanda,2021,
Rwanda,2022,
Rwanda,2023,
Saint Barthelemy,2017,39.729836
Saint Kitts and Nevis,2008,0.0
Saint Kitts and Nevis,2017,0.0
Saint Lucia,2007,0.5969294
Saint Lucia,2010,8.189529
Saint Lucia,2013,
Saint Lucia,2016,0.0
Saint Lucia,2021,0.55659765
Saint Lucia,2022,
Saint Martin (French part),2017,34.763462
Saint Vincent and the Grenadines,2005,0.0
Saint Vincent and the Grenadines,2010,0.0
Saint Vincent and the Grenadines,2011,
Saint Vincent and the Grenadines,2013,
Saint Vincent and the Grenadines,2016,0.9436544
Saint Vincent and the Grenadines,2021,0.0
Saint Vincent and the Grenadines,2023,0.0
Samoa,2005,4.771144
Samoa,2009,
Samoa,2012,6.056599
Samoa,2015,
Samoa,2018,0.0
Sao Tome and Principe,2021,
Saudi Arabia,2005,
Saudi Arabia,2009,
Saudi Arabia,2010,
Saudi Arabia,2011,
Saudi Arabia,2012,
Saudi Arabia,2013,
Saudi Arabia,2015,
Saudi Arabia,2016,0.008977662
Saudi Arabia,2017,
Saudi Arabia,2019,
Saudi Arabia,2020,
Senegal,2005,
Senegal,2007,
Senegal,2008,
Senegal,2009,
Senegal,2010,
Senegal,2011,
Senegal,2012,
Senegal,2013,
Senegal,2014,
Senegal,2015,
Senegal,2016,
Senegal,2018,
Senegal,2019,
Senegal,2020,
Senegal,2021,
Senegal,2022,
Serbia,2007,
Serbia,2009,
Serbia,2010,
Serbia,2012,
Serbia,2013,
Serbia,2014,
Serbia,2016,
Serbia,2017,
Serbia,2018,
Serbia,2019,
Serbia,2020,
Serbia,2021,
Serbia,2022,
Serbia,2023,0.013987827
Serbia and Montenegro,2005,0.0
Serbia and Montenegro,2006,
Seychelles,2013,0.0
Seychelles,2014,
Sierra Leone,2005,
Sierra Leone,2007,
Sierra Leone,2009,
Sierra Leone,2010,
Sierra Leone,2011,
Sierra Leone,2013,
Sierra Leone,2015,
Sierra Leone,2017,
Sierra Leone,2019,
Sierra Leone,2022,
Sierra Leone,2023,0.17062727
Sint Maarten (Dutch part),2017,9.546311
Slovakia,2005,
Slovakia,2006,
Slovakia,2007,
Slovakia,2010,
Slovakia,2011,
Slovakia,2012,
Slovakia,2013,
Slovakia,2017,0.0
Slovakia,2019,0.018335395
Slovakia,2020,
Slovakia,2021,
Slovakia,2022,
Slovakia,2023,0.0
Slovenia,2005,
Slovenia,2007,0.29655552
Slovenia,2012,
Slovenia,2014,
Slovenia,2020,0.0472222
Slovenia,2021,
Slovenia,2022,
Slovenia,2023,0.04717691
Solomon Islands,2007,
Solomon Islands,2009,
Solomon Islands,2010,0.0
Solomon Islands,2011,0.0
Solomon Islands,2012,
Solomon Islands,2013,
Solomon Islands,2014,
Solomon Islands,2015,1.4689801
Solomon Islands,2016,
Solomon Islands,2018,0.0
Solomon Islands,2020,6.9444647
Solomon Islands,2023,0.0
Somalia,2005,
Somalia,2006,
Somalia,2007,
Somalia,2008,
Somalia,2009,
Somalia,2010,
Somalia,2011,
Somalia,2012,
Somalia,2013,1.2604561
Somalia,2014,
Somalia,2015,0.0
Somalia,2016,
Somalia,2017,
Somalia,2018,0.34390795
Somalia,2019,0.037543852
Somalia,2020,0.054423355
Somalia,2021,
Somalia,2022,
Somalia,2023,
South Africa,2005,
South Africa,2006,
South Africa,2007,
South Africa,2008,0.009888103
South Africa,2009,0.037130564
South Africa,2010,0.044414468
South Africa,2011,0.043856874
South Africa,2012,0.0
South Africa,2013,0.0055685895
South Africa,2014,
South Africa,2015,
South Africa,2016,
South Africa,2017,0.03530998
South Africa,2018,
South Africa,2019,0.0068862154
South Africa,2020,0.017006245
South Africa,2021,0.045460474
South Africa,2022,
South Africa,2023,0.009931391
South Africa,2024,0.06719084
South America,2005,0.017449545
South America,2006,
South America,2007,
South America,2008,0.0007791572
South America,2009,0.0035985524
South America,2010,0.0020352178
South America,2011,0.004028855
South America,2012,0.0059825475
South America,2013,0.0014809404
South America,2014,0.002688639
South America,2015,0.004356935
South America,2016,
South America,2017,0.0
South America,2018,0.00047087547
South America,2019,
South America,2020,0.008110674
South America,2021,0.0
South America,2022,0.0
South America,2023,0.01637409
South America,2024,0.0011290227
South Korea,2005,0.022969509
South Korea,2006,
South Korea,2007,0.04147605
South Korea,2008,
South Korea,2010,0.024583597
South Korea,2011,
South Korea,2012,0.044324286
South Korea,2014,0.04747019
South Korea,2016,0.017540446
South Korea,2017,
South Korea,2018,
South Korea,2019,0.038607184
South Korea,2020,0.0559363
South Korea,2021,0.0
South Korea,2022,0.023158956
South Korea,2023,0.0038621924
South Sudan,2008,
South Sudan,2009,
South Sudan,2010,
South Sudan,2012,
South Sudan,2013,
South Sudan,2016,
South Sudan,2019,
South Sudan,2020,
South Sudan,2021,
South Sudan,2022,
Spain,2005,0.04349282
Spain,2006,
Spain,2007,0.0022101507
Spain,2009,0.030193385
Spain,2010,0.0064415312
Spain,2011,
Spain,2012,
Spain,2013,0.0
Spain,2014,0.0064565353
Spain,2015,
Spain,2016,
Spain,2017,
Spain,2018,0.004274231
Spain,2019,0.016973833
Spain,2020,0.035892386
Spain,2021,0.010529213
Spain,2022,
Spain,2023,0.0021043937
Spain,2024,0.006319331
Sri Lanka,2005,
Sri Lanka,2006,
Sri Lanka,2007,
Sri Lanka,2008,0.04436636
Sri Lanka,2009,
Sri Lanka,2010,
Sri Lanka,2011,0.10546629
Sri Lanka,2012,0.0
Sri Lanka,2013,0.03312549
Sri Lanka,2014,
Sri Lanka,2015,
Sri Lanka,2016,
Sri Lanka,2017,0.1255416
Sri Lanka,2018,
Sri Lanka,2019,
Sri Lanka,2020,0.018420381
Sri Lanka,2021,0.0
Sri Lanka,2022,0.013741203
Sri Lanka,2023,0.041107934
Sri Lanka,2024,
Sudan,2005,
Sudan,2006,
Sudan,2007,
Sudan,2009,
Sudan,2010,
Sudan,2011,0.05810638
Sudan,2012,
Sudan,2013,
Sudan,2014,
Sudan,2015,
Sudan,2016,
Sudan,2017,
Sudan,2018,
Sudan,2019,
Sudan,2020,
Sudan,2021,0.0
Sudan,2022,
Suriname,2006,
Suriname,2008,
Suriname,2021,
Suriname,2022,
Sweden,2005,0.077333204
Sweden,2013,0.07254687
Sweden,2018,
Sweden,2020,0.009644161
Sweden,2021,
Sweden,2022,
Switzerland,2005,
Switzerland,2006,0.013377901
Switzerland,2007,0.0
Switzerland,2009,0.0
Switzerland,2010,0.0
Switzerland,2011,0.0
Switzerland,2012,
Switzerland,2013,0.0
Switzerland,2014,0.02442661
Switzerland,2017,
Switzerland,2018,0.0
Switzerland,2019,0.046644006
Switzerland,2020,0.0
Switzerland,2021,0.0
Switzerland,2022,
Switzerland,2023,0.022735873
Switzerland,2024,0.067785665
Syria,2006,
Syria,2008,
Syria,2009,
Syria,2010,
Syria,2015,0.067690074
Syria,2019,
Syria,2020,
Syria,2021,
Syria,2022,0.0090394495
Syria,2023,
Syria,2024,
Taiwan,2005,0.074573465
Taiwan,2006,0.01311477
Taiwan,2007,0.078457646
Taiwan,2008,0.23479971
Taiwan,2009,2.73389
Taiwan,2010,0.147294
Taiwan,2012,0.060256355
Taiwan,2013,0.021431329
Taiwan,2014,0.0
Taiwan,2015,0.038278103
Taiwan,2016,0.042382803
Taiwan,2017,0.0042256447
Taiwan,2018,0.029503267
Taiwan,2019,0.008411228
Taiwan,2020,0.004197894
Taiwan,2021,0.07544037
Taiwan,2022,0.0
Taiwan,2023,0.012540091
Taiwan,2024,
Tajikistan,2005,
Tajikistan,2006,
Tajikistan,2007,
Tajikistan,2008,
Tajikistan,2009,
Tajikistan,2010,
Tajikistan,2011,
Tajikistan,2012,
Tajikistan,2013,
Tajikistan,2014,
Tajikistan,2015,
Tajikistan,2016,
Tajikistan,2017,
Tajikistan,2018,
Tajikistan,2019,
Tajikistan,2020,
Tajikistan,2021,
Tajikistan,2023,
Tanzania,2005,
Tanzania,2006,
Tanzania,2008,0.0
Tanzania,2009,0.0
Tanzania,2010,
Tanzania,2011,
Tanzania,2012,
Tanzania,2014,
Tanzania,2015,0.08945084
Tanzania,2016,
Tanzania,2017,
Tanzania,2018,
Tanzania,2019,0.0
Tanzania,2020,
Tanzania,2021,0.0
Tanzania,2022,
Tanzania,2023,
Tanzania,2024,
Thailand,2005,0.015192636
Thailand,2006,
Thailand,2007,
Thailand,2008,0.0
Thailand,2009,
Thailand,2010,
Thailand,2011,0.026195975
Thailand,2012,
Thailand,2013,
Thailand,2014,0.0
Thailand,2015,0.0042677647
Thailand,2016,
Thailand,2017,0.0
Thailand,2019,0.009816602
Thailand,2020,0.018188009
Thailand,2021,0.002793253
Thailand,2022,0.002789516
Thailand,2023,0.0
Thailand,2024,0.0
Togo,2006,
Togo,2007,
Togo,2008,
Togo,2009,
Togo,2010,
Togo,2017,
Togo,2020,
Togo,2022,
Tokelau,2005,0.0
Tonga,2009,
Tonga,2011,0.0
Tonga,2014,0.93774325
Tonga,2015,
Tonga,2016,0.0
Tonga,2018,0.0
Tonga,2020,0.0
Tonga,2022,
Trinidad and Tobago,2005,0.0
Trinidad and Tobago,2010,
Trinidad and Tobago,2018,
Trinidad and Tobago,2022,
Tunisia,2007,
Tunisia,2009,
Tunisia,2017,
Tunisia,2018,
Tunisia,2020,
Tunisia,2021,
Tunisia,2022,
Turkey,2005,0.0029110084
Turkey,2006,
Turkey,2007,
Turkey,2008,
Turkey,2009,
Turkey,2010,
Turkey,2011,
Turkey,2012,
Turkey,2013,
Turkey,2014,
Turkey,2015,
Turkey,2017,0.0
Turkey,2018,
Turkey,2019,
Turkey,2020,0.0023771198
Turkey,2021,
Turkey,2022,
Turkey,2023,0.026801469
Turkey,2024,
Turks and Caicos Islands,2008,14.571949
Turks and Caicos Islands,2017,0.0
Tuvalu,2011,
Tuvalu,2015,0.0
Tuvalu,2020,0.0
Tuvalu,2021,
Uganda,2005,
Uganda,2006,
Uganda,2007,
Uganda,2008,
Uganda,2009,
Uganda,2010,
Uganda,2011,0.06907791
Uganda,2012,
Uganda,2013,
Uganda,2016,
Uganda,2017,
Uganda,2018,
Uganda,2019,
Uganda,2020,0.018016148
Uganda,2021,
Uganda,2022,
Uganda,2023,
Ukraine,2005,
Ukraine,2006,
Ukraine,2007,0.0
Ukraine,2008,
Ukraine,2009,
Ukraine,2010,
Ukraine,2012,
Ukraine,2013,
Ukraine,2016,
Ukraine,2017,
Ukraine,2018,0.0
Ukraine,2020,
Ukraine,2021,0.0022971912
Ukraine,2023,0.03265783
United Arab Emirates,2017,
United Arab Emirates,2024,
United Kingdom,2005,0.01656075
United Kingdom,2007,0.02122079
United Kingdom,2008,0.0
United Kingdom,2009,0.0032131928
United Kingdom,2010,0.0
United Kingdom,2012,
United Kingdom,2013,0.017106699
United Kingdom,2014,0.0077192057
United Kingdom,2015,0.004599508
United Kingdom,2017,
United Kingdom,2018,0.0
United Kingdom,2019,
United Kingdom,2020,0.0029824274
United Kingdom,2021,0.0014863028
United Kingdom,2022,0.008887712
United Kingdom,2023,0.0
United States,2005,0.6340059
United States,2006,0.031025534
United States,2007,0.08092662
United States,2008,0.084397875
United States,2009,0.0239861
United States,2010,0.03663441
United States,2011,0.24404494
United States,2012,0.060002908
United States,2013,0.04383559
United States,2014,0.04223157
United States,2015,0.06715797
United States,2016,0.060205944
United States,2017,0.0739862
United States,2018,0.053290777
United States,2019,0.04157697
United States,2020,0.05209232
United States,2021,0.14658856
United States,2022,0.09015937
United States,2023,0.041765127
United States,2024,0.026915189
United States Virgin Islands,2017,6.8721776
Upper-middle-income countries,2005,0.094162956
Upper-middle-income countries,2006,0.066058286
Upper-middle-income countries,2007,0.013074194
Upper-middle-income countries,2008,0.009453103
Upper-middle-income countries,2009,0.02059155
Upper-middle-income countries,2010,0.01839989
Upper-middle-income countries,2011,0.006547733
Upper-middle-income countries,2012,0.007243521
Upper-middle-income countries,2013,0.019972311
Upper-middle-income countries,2014,0.014930842
Upper-middle-income countries,2015,0.009210149
Upper-middle-income countries,2016,0.018647047
Upper-middle-income countries,2017,0.0099175535
Upper-middle-income countries,2018,0.0058805165
Upper-middle-income countries,2019,0.0042283363
Upper-middle-income countries,2020,0.013338769
Upper-middle-income countries,2021,0.014987925
Upper-middle-income countries,2022,0.0035224278
Upper-middle-income countries,2023,0.49409547
Upper-middle-income countries,2024,0.0020650907
Uruguay,2005,0.21099171
Uruguay,2007,
Uruguay,2009,
Uruguay,2010,
Uruguay,2015,
Uruguay,2016,
Uruguay,2017,
Uruguay,2018,
Uruguay,2019,
Uruguay,2020,0.0
Uruguay,2021,
Uruguay,2022,
Uruguay,2023,0.05842647
Uruguay,2024,
Uzbekistan,2005,
Uzbekistan,2011,
Uzbekistan,2020,
Uzbekistan,2021,
Uzbekistan,2022,
Vanuatu,2005,
Vanuatu,2006,
Vanuatu,2008,
Vanuatu,2009,
Vanuatu,2011,0.0
Vanuatu,2014,4.4453993
Vanuatu,2015,3.9790196
Vanuatu,2017,0.0
Vanuatu,2018,
Vanuatu,2020,0.96248245
Vanuatu,2021,
Vanuatu,2023,0.0
Venezuela,2005,
Venezuela,2006,
Venezuela,2008,
Venezuela,2009,
Venezuela,2010,0.027859978
Venezuela,2011,
Venezuela,2012,
Venezuela,2015,
Venezuela,2016,
Venezuela,2018,
Venezuela,2019,
Venezuela,2020,
Venezuela,2021,
Venezuela,2022,0.0
Venezuela,2023,
Vietnam,2005,0.13952018
Vietnam,2006,0.47765502
Vietnam,2007,0.11325794
Vietnam,2008,0.29673856
Vietnam,2009,0.3538271
Vietnam,2010,0.04004072
Vietnam,2011,0.018109974
Vietnam,2012,0.042552557
Vietnam,2013,0.08197835
Vietnam,2014,0.04165045
Vietnam,2015,0.019524598
Vietnam,2016,0.07624036
Vietnam,2017,0.15632802
Vietnam,2018,0.070589975
Vietnam,2019,0.0041763806
Vietnam,2020,0.31557596
Vietnam,2021,0.011285753
Vietnam,2022,0.030553987
Vietnam,2023,0.0060692537
Wallis and Futuna,2012,0.0
World,2005,0.07979353
World,2006,0.06545291
World,2007,0.08940003
World,2008,2.069779
World,2009,0.04764938
World,2010,0.022088286
World,2011,0.04416718
World,2012,0.04335564
World,2013,0.118583396
World,2014,0.01951216
World,2015,0.01734307
World,2016,0.023411274
World,2017,0.03346131
World,2018,0.022462873
World,2019,0.032376252
World,2020,0.022420745
World,2021,0.023933865
World,2022,0.019849269
World,2023,0.18244167
World,2024,0.0025619436
Yemen,2005,
Yemen,2006,
Yemen,2007,
Yemen,2008,
Yemen,2009,
Yemen,2010,
Yemen,2013,
Yemen,2015,0.09117512
Yemen,2016,
Yemen,2017,
Yemen,2018,0.15913992
Yemen,2019,
Yemen,2020,
Yemen,2021,
Yemen,2022,
Yemen,2023,0.020319408
Zambia,2005,
Zambia,2007,
Zambia,2008,
Zambia,2009,
Zambia,2010,
Zambia,2011,
Zambia,2013,
Zambia,2014,
Zambia,2019,
Zambia,2020,
Zambia,2021,
Zambia,2022,
Zambia,2023,
Zambia,2024,
Zimbabwe,2007,0.0
Zimbabwe,2008,
Zimbabwe,2009,
Zimbabwe,2010,
Zimbabwe,2011,
Zimbabwe,2012,
Zimbabwe,2013,
Zimbabwe,2014,
Zimbabwe,2015,0.070646726
Zimbabwe,2016,0.21449272
Zimbabwe,2017,1.7015679
Zimbabwe,2018,
Zimbabwe,2019,4.0899777
Zimbabwe,2020,
Zimbabwe,2021,0.018757591
Zimbabwe,2022,0.0
Zimbabwe,2023,0.012000907
